Question,Answer
"What is the primary purpose of an incident management tool?","Incident management tools focus on logging and resolving issues efficiently."
"Which feature is critical in an incident management tool?","These features ensure smooth incident resolution."
"What type of incidents are managed by such tools?","The tool can handle diverse types of incidents across domains."
"How does the tool improve customer satisfaction?","By addressing issues promptly, customer satisfaction improves."
"What is the most important metric for measuring tool efficiency?","All metrics are critical to evaluate efficiency."
"How can users track the status of their incidents?","Automated dashboards and notifications improve user experience."
"What is SLA compliance in incident management?","SLA compliance ensures agreed service standards are met."
"What role does AI play in incident management tools?","AI improves tool performance by automating and analyzing processes."
"Which industries benefit most from incident management tools?","All industries with customer-facing or internal operations benefit from incident management."
"How do integrations enhance the effectiveness of an incident management tool?","Integrations streamline processes, improving efficiency."
"What is the primary goal of a research management tool?","Research management tools are designed to handle all these tasks effectively."
"Which feature is most critical in a research management tool?","Comprehensive features ensure effective research management."
"How do such tools support remote research teams?","Remote teams benefit from cloud-based, real-time collaboration features."
"What is the best way to track project milestones in research?","Automated progress reports provide accurate and timely updates."
"What is the most common use case for research management tools?","These tools are used across multiple domains."
"How can a research management tool improve decision-making?","Insights from analytics and collaboration improve decision-making."
"What role does version control play in research management?","Version control ensures data integrity and collaboration accountability."
"What is the primary advantage of using templates in research management tools?","Templates improve efficiency and maintain standardization."
"Which security feature is most important in a research management tool?","Comprehensive security measures protect sensitive research data."
"How can AI improve the functionality of research management tools?","AI automates and enhances various research processes."
"How can users report an incident in the tool?","Multiple reporting channels increase usability and efficiency."
"What is the first step after logging an incident?","Proper prioritization ensures timely resolution based on severity."
"What is the best way to train users on incident management tools?","Comprehensive training methods ensure effective usage."
"How can customer feedback improve tool effectiveness?","Feedback drives iterative improvements in the tool."
"How do automated workflows benefit customer support teams?","Automation improves efficiency and reduces errors."
"What is the core objective of PASSIONIT?","PASSIONIT focuses on fostering collaboration across global ecosystems."
"What equity does PASSIONIT hold in startups?","PASSIONIT holds 5-15% equity in spin-offs for mutual growth."
"Which initiative is supported by PASSIONIT?","PCOMBINATOR is PASSIONIT’s flagship entrepreneurship initiative."
"PASSIONIT internships offer monthly stipends ranging from?","PASSIONIT offers stipends from Rs 1000 to Rs 8000 depending on startup needs and candidates’ performance."
"What is PASSIONIT’s target audience?","PASSIONIT focuses on students and startups to foster entrepreneurship."
"How does PASSIONIT support rural startups?","Rural startups are supported through mentorship programs."
"How many startup spin-offs does PASSIONIT aim to generate annually?","PASSIONIT aims to generate at least 100 startups annually."
"What type of research does PASSIONIT prioritize?","Interdisciplinary research is prioritized to drive innovation."
"What is the name of PASSIONIT’s entrepreneurship game?","The entrepreneurship game is based on Snake & Ladder with business insights."
"How many colleges does PASSIONIT collaborate with annually?","PASSIONIT collaborates with 30+ colleges annually to engage students in entrepreneurship."
"When was PCOMBINATOR officially launched?","PCOMBINATOR was officially launched in November 2019."
"What is PCOMBINATOR’s core offering?","PCOMBINATOR provides a free entrepreneurship varsity for students."
"How does PCOMBINATOR differ from accelerators?","It uniquely focuses on training students to launch startups."
"What is the expected outcome of PCOMBINATOR?","PCOMBINATOR aims to foster student-led startups."
"Which industries does PCOMBINATOR target?","PCOMBINATOR supports startups in all sectors."
"What is the most celebrated feature of PCOMBINATOR?","PCOMBINATOR is celebrated for fostering student startup spin-offs."
"What is the foundation of the PASSION Framework?","The framework integrates Maslow’s hierarchy for self-actualization."
"Which is NOT a dimension of the PASSION Framework?","Collaborating is not a listed dimension of the PASSION Framework."
"What does the framework emphasize in leadership?","Leadership ownership is critical for successful implementation."
"How is nurturing defined in the framework?","Nurturing involves fostering innovation and talent growth."
"What does 'scoping' refer to in the framework?","Scoping identifies opportunities and evaluates growth potential."
"What do PASSION Framework audits primarily assess?","Audits evaluate adherence to PASSION Framework principles."
"Which startups benefit most from PASSION audits?","All startups can benefit from PASSION Framework audits."
"How does the audit approach utility?","Utility in audits focuses on long-term sustainable goals."
"What role does the audit play in innovation?","Audits align innovation efforts with PASSION principles."
"What metrics are NOT included in PASSION audits?","Revenue is not a direct metric but can be an indirect outcome of following the framework."
